timestamp,timestamp,open,high,low,close,volume,turnover
2025-03-31 16:00:00,1743426000000,0.10637,0.11051,0.1008,0.10796,59727183,6284973.13385
2025-03-31 17:00:00,1743429600000,0.10796,0.11613,0.09724,0.1014,131914600,14311211.13908
2025-03-31 18:00:00,1743433200000,0.1014,0.10299,0.09546,0.09993,68940818,6816160.96876
2025-03-31 19:00:00,1743436800000,0.09993,0.10348,0.0967,0.10099,52438662,5255004.66141
2025-03-31 20:00:00,1743440400000,0.10099,0.1019,0.0897,0.09174,58823946,5607965.53185
2025-03-31 21:00:00,1743444000000,0.09174,0.09315,0.08539,0.08785,66840794,5931574.74689
2025-03-31 22:00:00,1743447600000,0.08785,0.09232,0.08569,0.08736,35398536,3141204.94772
2025-03-31 23:00:00,1743451200000,0.08736,0.08929,0.08355,0.08474,37374797,3252410.53989
2025-04-01 00:00:00,1743454800000,0.08474,0.08519,0.079,0.08112,51706009,4220868.5382
2025-04-01 01:00:00,1743458400000,0.08112,0.08456,0.07502,0.0764,51451739,4049486.07655
2025-04-01 02:00:00,1743462000000,0.0764,0.07849,0.07539,0.07746,39898511,3063314.69979
2025-04-01 03:00:00,1743465600000,0.07746,0.08171,0.07093,0.07383,81211643,6112155.23173
2025-04-01 04:00:00,1743469200000,0.07383,0.07542,0.07274,0.07398,23823236,1764328.48101
2025-04-01 05:00:00,1743472800000,0.07398,0.08286,0.07384,0.08221,40346870,3127269.58408
2025-04-01 06:00:00,1743476400000,0.08221,0.08481,0.07791,0.08034,64921652,5281177.04037
2025-04-01 07:00:00,1743480000000,0.08034,0.08334,0.0776,0.08024,40921171,3295620.26611
2025-04-01 08:00:00,1743483600000,0.08024,0.08044,0.07521,0.07725,41380878,3198976.69527
2025-04-01 09:00:00,1743487200000,0.07725,0.07802,0.07369,0.07614,31836932,2418738.99143
2025-04-01 10:00:00,1743490800000,0.07614,0.07614,0.07265,0.07425,32249681,2386922.60082
2025-04-01 11:00:00,1743494400000,0.07425,0.07797,0.0737,0.07411,39476590,2981775.00387
2025-04-01 12:00:00,1743498000000,0.07411,0.07763,0.07409,0.0765,30357552,2307813.72291
2025-04-01 13:00:00,1743501600000,0.0765,0.07726,0.06775,0.06967,53842117,3927307.31987
2025-04-01 14:00:00,1743505200000,0.06967,0.07023,0.06461,0.06735,76958261,5162612.61315
2025-04-01 15:00:00,1743508800000,0.06735,0.06943,0.06368,0.06488,55634755,3683070.25831
2025-04-01 16:00:00,1743512400000,0.06488,0.06678,0.06329,0.06599,40573419,2644290.14834
2025-04-01 17:00:00,1743516000000,0.06599,0.06957,0.06488,0.06557,42265465,2816746.78627
2025-04-01 18:00:00,1743519600000,0.06557,0.06684,0.06417,0.06549,37349780,2457281.97138
2025-04-01 19:00:00,1743523200000,0.06549,0.06622,0.0601,0.06136,81483623,5079769.31921
2025-04-01 20:00:00,1743526800000,0.06136,0.06292,0.05938,0.0621,45172816,2764361.06349
2025-04-01 21:00:00,1743530400000,0.0621,0.06375,0.05771,0.05831,58277702,3511552.25827
2025-04-01 22:00:00,1743534000000,0.05831,0.06024,0.05723,0.05919,37350171,2187928.41501
2025-04-01 23:00:00,1743537600000,0.05919,0.06547,0.05846,0.06318,57776653,3562619.09805
2025-04-02 00:00:00,1743541200000,0.06318,0.06547,0.06132,0.06429,40593793,2583209.44267
2025-04-02 01:00:00,1743544800000,0.06429,0.06634,0.06286,0.06393,44366618,2860805.94052
2025-04-02 02:00:00,1743548400000,0.06393,0.06578,0.06269,0.06304,42439484,2720739.90959
2025-04-02 03:00:00,1743552000000,0.06304,0.06512,0.0618,0.06341,33953116,2157069.39164
2025-04-02 04:00:00,1743555600000,0.06341,0.06361,0.05527,0.05643,84170729,4981162.57894
2025-04-02 05:00:00,1743559200000,0.05643,0.05724,0.05276,0.05444,54791916,3006520.15559
2025-04-02 06:00:00,1743562800000,0.05444,0.05752,0.05438,0.05581,44860592,2506093.50342
2025-04-02 07:00:00,1743566400000,0.05581,0.05792,0.0541,0.05488,36323778,2038239.93934
2025-04-02 08:00:00,1743570000000,0.05488,0.05696,0.05469,0.05599,23532644,1318158.11581
2025-04-02 09:00:00,1743573600000,0.05599,0.06325,0.05581,0.05913,72358913,4287591.0856
2025-04-02 10:00:00,1743577200000,0.05913,0.06117,0.05779,0.05896,37990838,2238542.8234
2025-04-02 11:00:00,1743580800000,0.05896,0.06008,0.05715,0.05748,31333067,1828707.30371
2025-04-02 12:00:00,1743584400000,0.05748,0.0584,0.05505,0.0567,34891453,1972435.42429
2025-04-02 13:00:00,1743588000000,0.0567,0.0577,0.05552,0.05607,19791780,1116815.55115
2025-04-02 14:00:00,1743591600000,0.05607,0.05784,0.0559,0.0571,21144424,1205502.40383
2025-04-02 15:00:00,1743595200000,0.0571,0.05714,0.0522,0.05306,48592596,2635873.66843
2025-04-02 16:00:00,1743598800000,0.05306,0.05383,0.05116,0.05228,52249387,2743870.60776
2025-04-02 17:00:00,1743602400000,0.05228,0.05494,0.05151,0.05329,35993198,1909619.05558
2025-04-02 18:00:00,1743606000000,0.05329,0.05469,0.05193,0.05241,41146661,2199361.8035
2025-04-02 19:00:00,1743609600000,0.05241,0.05587,0.05192,0.05489,44487695,2391960.47104
2025-04-02 20:00:00,1743613200000,0.05489,0.05651,0.05412,0.05472,52898785,2909312.37436
2025-04-02 21:00:00,1743616800000,0.05472,0.05638,0.05467,0.05609,21623471,1203375.17713
2025-04-02 22:00:00,1743620400000,0.05609,0.0586,0.05483,0.05612,41239304,2336171.41852
2025-04-02 23:00:00,1743624000000,0.05612,0.05676,0.05288,0.05403,57715581,3143930.77037
2025-04-03 00:00:00,1743627600000,0.05403,0.05543,0.0538,0.05504,15394467,840581.67775
2025-04-03 01:00:00,1743631200000,0.05504,0.05504,0.05093,0.05235,47980599,2534680.96945
2025-04-03 02:00:00,1743634800000,0.05235,0.0531,0.05107,0.05287,32916532,1716323.66312
2025-04-03 03:00:00,1743638400000,0.05287,0.05448,0.05174,0.0538,18788827,1002868.76898
2025-04-03 04:00:00,1743642000000,0.0538,0.0547,0.05328,0.05365,12664627,684346.50987
2025-04-03 05:00:00,1743645600000,0.05365,0.05594,0.05345,0.05548,14521635,797501.21432
2025-04-03 06:00:00,1743649200000,0.05548,0.05584,0.05297,0.05365,21305641,1162495.94644
2025-04-03 07:00:00,1743652800000,0.05365,0.05445,0.05264,0.05374,15774289,845970.63056
2025-04-03 08:00:00,1743656400000,0.05374,0.05411,0.05267,0.05385,21343815,1143993.51951
2025-04-03 09:00:00,1743660000000,0.05385,0.05398,0.05212,0.05238,12057217,638315.05235
2025-04-03 10:00:00,1743663600000,0.05238,0.05254,0.04927,0.04992,47022051,2392715.74619
2025-04-03 11:00:00,1743667200000,0.04992,0.05009,0.0479,0.04912,62042129,3023441.44911
2025-04-03 12:00:00,1743670800000,0.04912,0.04915,0.04561,0.04615,45030313,2111428.41415
2025-04-03 13:00:00,1743674400000,0.04615,0.04666,0.04365,0.044,41410843,1861044.23547
2025-04-03 14:00:00,1743678000000,0.044,0.04585,0.04397,0.04512,30359452,1360650.70006
2025-04-03 15:00:00,1743681600000,0.04512,0.04566,0.04421,0.04521,27114627,1222961.94801
2025-04-03 16:00:00,1743685200000,0.04521,0.04794,0.04465,0.04623,31928758,1466663.65672
2025-04-03 17:00:00,1743688800000,0.04623,0.04629,0.04408,0.04446,26247494,1185680.29441
2025-04-03 18:00:00,1743692400000,0.04446,0.04627,0.04444,0.04586,22315083,1016838.8653
2025-04-03 19:00:00,1743696000000,0.04586,0.047,0.04433,0.04525,26673352,1215997.7561
2025-04-03 20:00:00,1743699600000,0.04525,0.04528,0.04422,0.04453,17075452,762955.51786
2025-04-03 21:00:00,1743703200000,0.04453,0.04614,0.04268,0.0458,40732918,1808868.87735
2025-04-03 22:00:00,1743706800000,0.0458,0.04632,0.04537,0.04548,20406677,935413.86263
2025-04-03 23:00:00,1743710400000,0.04548,0.04594,0.04518,0.04558,8646010,393584.44827
2025-04-04 00:00:00,1743714000000,0.04558,0.04576,0.0449,0.04575,11140168,505173.0244
2025-04-04 01:00:00,1743717600000,0.04575,0.04575,0.04463,0.04502,17691208,797351.72314
2025-04-04 02:00:00,1743721200000,0.04502,0.04521,0.04374,0.04407,28866135,1281299.37923
2025-04-04 03:00:00,1743724800000,0.04407,0.0457,0.04391,0.04489,28667359,1290331.3917
2025-04-04 04:00:00,1743728400000,0.04489,0.04502,0.04381,0.04403,16604977,738247.99631
2025-04-04 05:00:00,1743732000000,0.04403,0.04476,0.04354,0.04457,18932318,834824.84781
2025-04-04 06:00:00,1743735600000,0.04457,0.0455,0.04184,0.0427,48556850,2124999.70229
2025-04-04 07:00:00,1743739200000,0.0427,0.04292,0.04093,0.04153,36488880,1524806.04162
2025-04-04 08:00:00,1743742800000,0.04153,0.04415,0.04139,0.04381,35464320,1525713.58917
2025-04-04 09:00:00,1743746400000,0.04381,0.04384,0.04291,0.04343,22183423,961211.90587
2025-04-04 10:00:00,1743750000000,0.04343,0.04371,0.04272,0.04364,16223640,702409.93399
2025-04-04 11:00:00,1743753600000,0.04364,0.04494,0.0435,0.04433,29438425,1301372.28182
2025-04-04 12:00:00,1743757200000,0.04433,0.04489,0.04402,0.04478,12757956,567192.94308
2025-04-04 13:00:00,1743760800000,0.04478,0.05007,0.04238,0.04283,116655594,5356097.71932
2025-04-04 14:00:00,1743764400000,0.04283,0.04416,0.04164,0.04364,44947957,1931093.10383
2025-04-04 15:00:00,1743768000000,0.04364,0.04451,0.04201,0.04308,33317566,1437854.26733
2025-04-04 16:00:00,1743771600000,0.04308,0.0435,0.04158,0.0431,23838851,1013106.22146
2025-04-04 17:00:00,1743775200000,0.0431,0.0436,0.04212,0.04277,20828807,891594.05339
2025-04-04 18:00:00,1743778800000,0.04277,0.04375,0.04263,0.04291,17905877,773022.35327
2025-04-04 19:00:00,1743782400000,0.04291,0.04291,0.04146,0.04199,19555515,825706.14672
2025-04-04 20:00:00,1743786000000,0.04199,0.04298,0.0407,0.04281,32445154,1354306.30109
2025-04-04 21:00:00,1743789600000,0.04281,0.0432,0.04137,0.04161,18555233,782007.69594
2025-04-04 22:00:00,1743793200000,0.04161,0.04212,0.04103,0.04135,15538896,644830.25507
2025-04-04 23:00:00,1743796800000,0.04135,0.04155,0.04077,0.04112,12856484,529243.35556
2025-04-05 00:00:00,1743800400000,0.04112,0.04164,0.04018,0.04127,15248067,620954.56045
2025-04-05 01:00:00,1743804000000,0.04127,0.04193,0.04084,0.04169,14762185,610897.77369
2025-04-05 02:00:00,1743807600000,0.04169,0.04217,0.04111,0.04152,13509359,560743.06788
2025-04-05 03:00:00,1743811200000,0.04152,0.0437,0.04112,0.04287,26324372,1111002.89492
2025-04-05 04:00:00,1743814800000,0.04287,0.04294,0.04167,0.04184,20985402,888301.99214
2025-04-05 05:00:00,1743818400000,0.04184,0.04256,0.04168,0.04222,12170208,512233.68116
2025-04-05 06:00:00,1743822000000,0.04222,0.04299,0.04172,0.04287,12232645,519417.15501
2025-04-05 07:00:00,1743825600000,0.04287,0.0431,0.04203,0.04214,17370963,739554.39434
2025-04-05 08:00:00,1743829200000,0.04214,0.04271,0.04189,0.04212,9989125,422135.95965
2025-04-05 09:00:00,1743832800000,0.04212,0.04238,0.04143,0.04226,13673792,572541.78009
2025-04-05 10:00:00,1743836400000,0.04226,0.0444,0.04226,0.04422,17181780,746394.90047
2025-04-05 11:00:00,1743840000000,0.04422,0.04562,0.04331,0.04363,28264213,1257275.03038
2025-04-05 12:00:00,1743843600000,0.04363,0.0459,0.04329,0.04527,18815531,840603.74144
2025-04-05 13:00:00,1743847200000,0.04527,0.04656,0.04428,0.04451,24487524,1107632.86096
2025-04-05 14:00:00,1743850800000,0.04451,0.04633,0.04361,0.04373,25904594,1167559.10582
2025-04-05 15:00:00,1743854400000,0.04373,0.04559,0.04369,0.04537,20879530,929393.42737
2025-04-05 16:00:00,1743858000000,0.04537,0.04769,0.04529,0.04649,34891287,1628158.60332
2025-04-05 17:00:00,1743861600000,0.04649,0.04837,0.04636,0.04671,32928397,1550555.19187
2025-04-05 18:00:00,1743865200000,0.04671,0.04703,0.04484,0.04544,25734011,1179719.38463
2025-04-05 19:00:00,1743868800000,0.04544,0.04934,0.04539,0.04913,57317499,2737333.19222
2025-04-05 20:00:00,1743872400000,0.04913,0.04968,0.04817,0.04919,62590474,3067080.1278
2025-04-05 21:00:00,1743876000000,0.04919,0.05583,0.04906,0.05491,160062092,8468200.05232
2025-04-05 22:00:00,1743879600000,0.05491,0.06054,0.05412,0.05916,215338669,12408896.96035
2025-04-05 23:00:00,1743883200000,0.05916,0.05917,0.05412,0.05446,164457647,9230041.05631
2025-04-06 00:00:00,1743886800000,0.05446,0.05877,0.05287,0.05534,133161413,7352666.09763
2025-04-06 01:00:00,1743890400000,0.05534,0.05641,0.0541,0.05528,47289409,2613654.48511
2025-04-06 02:00:00,1743894000000,0.05528,0.05653,0.05419,0.05595,53960559,2991623.25647
2025-04-06 03:00:00,1743897600000,0.05595,0.0579,0.0545,0.05531,78423683,4380409.60976
2025-04-06 04:00:00,1743901200000,0.05531,0.05786,0.05477,0.05573,73952390,4165945.15476
2025-04-06 05:00:00,1743904800000,0.05573,0.05927,0.0557,0.05645,83909238,4803105.93464
2025-04-06 06:00:00,1743908400000,0.05645,0.06006,0.05638,0.05948,108808401,6352464.38908
2025-04-06 07:00:00,1743912000000,0.05948,0.06569,0.05852,0.06379,189685114,11873611.34099
2025-04-06 08:00:00,1743915600000,0.06379,0.06882,0.06365,0.06659,214204944,14244501.25327
2025-04-06 09:00:00,1743919200000,0.06659,0.06739,0.0645,0.06631,121400010,8000513.52134
2025-04-06 10:00:00,1743922800000,0.06631,0.06783,0.0651,0.06745,119129779,7941115.85886
2025-04-06 11:00:00,1743926400000,0.06745,0.06745,0.0613,0.06192,188392393,12052079.33304
2025-04-06 12:00:00,1743930000000,0.06192,0.06423,0.06029,0.06269,138489945,8590251.66131
2025-04-06 13:00:00,1743933600000,0.06269,0.06355,0.0616,0.06259,75871867,4738197.66074
2025-04-06 14:00:00,1743937200000,0.06259,0.06271,0.05643,0.05816,238494487,13979170.83991
2025-04-06 15:00:00,1743940800000,0.05816,0.06174,0.05776,0.05884,171618536,10235211.81545
2025-04-06 16:00:00,1743944400000,0.05884,0.05952,0.0555,0.05732,121847263,7012028.4972
2025-04-06 17:00:00,1743948000000,0.05732,0.05987,0.05602,0.05789,121698661,7001272.53496
2025-04-06 18:00:00,1743951600000,0.05789,0.05898,0.0567,0.05786,72145488,4168084.78433
2025-04-06 19:00:00,1743955200000,0.05786,0.0597,0.05667,0.05712,88031672,5137195.62397
2025-04-06 20:00:00,1743958800000,0.05712,0.05788,0.05427,0.05488,103656669,5791385.73789
2025-04-06 21:00:00,1743962400000,0.05488,0.05558,0.05334,0.05468,78705779,4288178.24583
2025-04-06 22:00:00,1743966000000,0.05468,0.05576,0.05385,0.05558,33710001,1848854.11182
2025-04-06 23:00:00,1743969600000,0.05558,0.0559,0.05337,0.05403,39040969,2125630.11882
2025-04-07 00:00:00,1743973200000,0.05403,0.05619,0.05398,0.0551,28508234,1576955.36104
2025-04-07 01:00:00,1743976800000,0.0551,0.05658,0.053,0.05427,54703463,3002554.45659
2025-04-07 02:00:00,1743980400000,0.05427,0.05795,0.05425,0.05691,50753427,2858953.56073
2025-04-07 03:00:00,1743984000000,0.05691,0.05735,0.05423,0.0553,39515997,2202992.94499
2025-04-07 04:00:00,1743987600000,0.0553,0.05736,0.05398,0.05611,42076257,2353519.60344
2025-04-07 05:00:00,1743991200000,0.05611,0.05617,0.05435,0.05501,25593920,1409284.80815
2025-04-07 06:00:00,1743994800000,0.05501,0.05505,0.04862,0.0493,77254796,3935578.14461
2025-04-07 07:00:00,1743998400000,0.0493,0.04984,0.04719,0.04832,54150444,2624205.66391
2025-04-07 08:00:00,1744002000000,0.04832,0.04918,0.04757,0.04872,37367354,1808513.59306
2025-04-07 09:00:00,1744005600000,0.04872,0.0495,0.04702,0.04801,50928074,2463678.10721
2025-04-07 10:00:00,1744009200000,0.04801,0.05318,0.04705,0.04969,69675460,3456117.65086
2025-04-07 11:00:00,1744012800000,0.04969,0.05105,0.04837,0.04953,47058631,2334228.04886
2025-04-07 12:00:00,1744016400000,0.04953,0.04974,0.0477,0.04789,36723238,1788537.83276
2025-04-07 13:00:00,1744020000000,0.04789,0.0508,0.04774,0.04847,41177457,2026234.00826
2025-04-07 14:00:00,1744023600000,0.04847,0.04928,0.04742,0.04832,31201798,1505895.0724
2025-04-07 15:00:00,1744027200000,0.04832,0.05,0.04807,0.04884,34222144,1674997.55978
2025-04-07 16:00:00,1744030800000,0.04884,0.05119,0.04707,0.05003,54278861,2659079.30967
2025-04-07 17:00:00,1744034400000,0.05003,0.053,0.0483,0.04948,95943681,4833797.82909
2025-04-07 18:00:00,1744038000000,0.04948,0.05145,0.04862,0.05037,29285983,1463369.7644
2025-04-07 19:00:00,1744041600000,0.05037,0.05037,0.04857,0.0492,24438303,1207531.83864
2025-04-07 20:00:00,1744045200000,0.0492,0.05287,0.0492,0.0518,29557241,1514689.79391
2025-04-07 21:00:00,1744048800000,0.0518,0.05273,0.05009,0.05265,23887899,1222535.7939
2025-04-07 22:00:00,1744052400000,0.05265,0.05597,0.0519,0.05444,48549182,2620331.78772
2025-04-07 23:00:00,1744056000000,0.05444,0.05651,0.05334,0.05565,20203406,1106020.16655
2025-04-08 00:00:00,1744059600000,0.05565,0.05607,0.05297,0.05484,22857180,1237215.4755
2025-04-08 01:00:00,1744063200000,0.05484,0.05501,0.05329,0.05416,15734800,849594.0755
2025-04-08 02:00:00,1744066800000,0.05416,0.0548,0.05253,0.0534,19977521,1070594.27517
2025-04-08 03:00:00,1744070400000,0.0534,0.05444,0.05202,0.05278,30146406,1596557.35236
2025-04-08 04:00:00,1744074000000,0.05278,0.05535,0.05251,0.05516,32562723,1753703.93657
2025-04-08 05:00:00,1744077600000,0.05516,0.05613,0.05346,0.05368,30972646,1696127.2628
2025-04-08 06:00:00,1744081200000,0.05368,0.05393,0.05038,0.05095,43838970,2279880.00329
2025-04-08 07:00:00,1744084800000,0.05095,0.05175,0.04969,0.05027,30208583,1532127.6262
2025-04-08 08:00:00,1744088400000,0.05027,0.05063,0.04863,0.0491,33981452,1684599.10182
2025-04-08 09:00:00,1744092000000,0.0491,0.04937,0.04809,0.0487,26299672,1280732.9154
2025-04-08 10:00:00,1744095600000,0.0487,0.0489,0.0467,0.04695,33641441,1603080.42686
2025-04-08 11:00:00,1744099200000,0.04695,0.04722,0.04539,0.04611,43386033,2007996.51442
2025-04-08 12:00:00,1744102800000,0.04611,0.04646,0.04528,0.04609,31060268,1423081.12207
2025-04-08 13:00:00,1744106400000,0.04609,0.04638,0.04557,0.04575,20021358,920865.08049
2025-04-08 14:00:00,1744110000000,0.04575,0.04617,0.0453,0.04586,31555161,1443602.91703
2025-04-08 15:00:00,1744113600000,0.04586,0.047,0.04553,0.04649,35062924,1620290.30662
2025-04-08 16:00:00,1744117200000,0.04649,0.04695,0.0457,0.04603,52530709,2438238.71957
2025-04-08 17:00:00,1744120800000,0.04603,0.04615,0.04352,0.04389,63364908,2844401.49483
2025-04-08 18:00:00,1744124400000,0.04389,0.04422,0.04265,0.04286,54033344,2346366.16749
2025-04-08 19:00:00,1744128000000,0.04286,0.04474,0.04147,0.0437,84364075,3620835.06783
2025-04-08 20:00:00,1744131600000,0.0437,0.04424,0.04257,0.0433,46740990,2028196.19229
2025-04-08 21:00:00,1744135200000,0.0433,0.04384,0.04275,0.04343,33888601,1467274.26304
2025-04-08 22:00:00,1744138800000,0.04343,0.04346,0.04255,0.04264,19660910,843541.01554
2025-04-08 23:00:00,1744142400000,0.04264,0.04336,0.04231,0.04327,19472185,832691.74251
2025-04-09 00:00:00,1744146000000,0.04327,0.0439,0.04285,0.0429,15057041,654208.43644
2025-04-09 01:00:00,1744149600000,0.0429,0.04505,0.0428,0.04485,25080456,1095197.79492
2025-04-09 02:00:00,1744153200000,0.04485,0.04485,0.04287,0.04314,25083550,1097126.49386
2025-04-09 03:00:00,1744156800000,0.04314,0.0435,0.04177,0.04195,45801766,1951303.92158
2025-04-09 04:00:00,1744160400000,0.04195,0.04383,0.04117,0.04368,55645536,2347066.05371
2025-04-09 05:00:00,1744164000000,0.04368,0.04538,0.04363,0.04387,43522874,1929958.2685
2025-04-09 06:00:00,1744167600000,0.04387,0.04407,0.04315,0.04358,23325667,1016991.69464
2025-04-09 07:00:00,1744171200000,0.04358,0.04399,0.04274,0.04317,33915459,1468743.23881
2025-04-09 08:00:00,1744174800000,0.04317,0.04359,0.04258,0.04274,22928626,988221.13029
2025-04-09 09:00:00,1744178400000,0.04274,0.04337,0.04239,0.04327,22631654,968650.11549
2025-04-09 10:00:00,1744182000000,0.04327,0.04428,0.04256,0.04299,27934405,1211914.46503
2025-04-09 11:00:00,1744185600000,0.04299,0.0444,0.04282,0.04355,23593669,1029634.47805
2025-04-09 12:00:00,1744189200000,0.04355,0.04389,0.04241,0.04272,23191523,997050.82713
2025-04-09 13:00:00,1744192800000,0.04272,0.04371,0.04205,0.04364,35826806,1540519.83815
2025-04-09 14:00:00,1744196400000,0.04364,0.04393,0.04257,0.04333,34546424,1493190.32935
2025-04-09 15:00:00,1744200000000,0.04333,0.04393,0.04281,0.04388,21507728,931532.61303
2025-04-09 16:00:00,1744203600000,0.04388,0.0463,0.0436,0.04542,50064728,2245118.855
2025-04-09 17:00:00,1744207200000,0.04542,0.04727,0.04444,0.04644,58036596,2663123.22207
2025-04-09 18:00:00,1744210800000,0.04644,0.04746,0.04589,0.04627,39681376,1847038.36933
2025-04-09 19:00:00,1744214400000,0.04627,0.04828,0.04535,0.04563,51419210,2398655.34088
2025-04-09 20:00:00,1744218000000,0.04563,0.04876,0.04549,0.04765,79282118,3756700.61685
2025-04-09 21:00:00,1744221600000,0.04765,0.04935,0.04731,0.04871,50712392,2446952.9813
2025-04-09 22:00:00,1744225200000,0.04871,0.05106,0.04853,0.05099,31160411,1550498.29396
2025-04-09 23:00:00,1744228800000,0.05099,0.052,0.04873,0.04929,45449540,2270346.93938
2025-04-10 00:00:00,1744232400000,0.04929,0.05019,0.04822,0.04965,19966693,981237.16863
2025-04-10 01:00:00,1744236000000,0.04965,0.05076,0.04926,0.05024,22851577,1142382.49853
2025-04-10 02:00:00,1744239600000,0.05024,0.05074,0.04904,0.05048,21069810,1046483.24213
2025-04-10 03:00:00,1744243200000,0.05048,0.05115,0.04872,0.04917,32955476,1646758.81487
2025-04-10 04:00:00,1744246800000,0.04917,0.04982,0.04796,0.04836,23794050,1158264.63903
2025-04-10 05:00:00,1744250400000,0.04836,0.04969,0.04759,0.04918,27799406,1345285.62658
2025-04-10 06:00:00,1744254000000,0.04918,0.05001,0.04752,0.04977,40765005,1997796.47487
2025-04-10 07:00:00,1744257600000,0.04977,0.05018,0.0471,0.04772,33878144,1627217.35927
2025-04-10 08:00:00,1744261200000,0.04772,0.04777,0.04615,0.0464,26189372,1226589.34208
2025-04-10 09:00:00,1744264800000,0.0464,0.04692,0.04573,0.04602,26180707,1214132.88772
2025-04-10 10:00:00,1744268400000,0.04602,0.04675,0.04579,0.04626,22098061,1021136.92463
2025-04-10 11:00:00,1744272000000,0.04626,0.0463,0.04527,0.04542,19059576,870328.06392
2025-04-10 12:00:00,1744275600000,0.04542,0.04616,0.04516,0.04565,15251419,696244.7603
2025-04-10 13:00:00,1744279200000,0.04565,0.04571,0.04493,0.04507,22767920,1031558.78576
2025-04-10 14:00:00,1744282800000,0.04507,0.04527,0.04455,0.04458,21278255,954769.47296
2025-04-10 15:00:00,1744286400000,0.04458,0.04632,0.04431,0.0449,38285518,1729273.68167
2025-04-10 16:00:00,1744290000000,0.0449,0.04494,0.04331,0.04362,34006784,1495906.64195
2025-04-10 17:00:00,1744293600000,0.04362,0.04438,0.04335,0.04418,26359008,1157198.87912
2025-04-10 18:00:00,1744297200000,0.04418,0.0446,0.04303,0.04326,36391025,1590280.48469
2025-04-10 19:00:00,1744300800000,0.04326,0.04357,0.04255,0.043,36315141,1560417.70017
2025-04-10 20:00:00,1744304400000,0.043,0.04364,0.04281,0.04298,23429474,1012094.08955
2025-04-10 21:00:00,1744308000000,0.04298,0.0435,0.04279,0.04306,16769589,722705.39533
2025-04-10 22:00:00,1744311600000,0.04306,0.04369,0.04292,0.04325,13420327,580389.99946
2025-04-10 23:00:00,1744315200000,0.04325,0.04365,0.0429,0.04347,14350672,621143.59495
2025-04-11 00:00:00,1744318800000,0.04347,0.04376,0.04222,0.04299,20349219,873578.39936
2025-04-11 01:00:00,1744322400000,0.04299,0.04356,0.0427,0.04316,17014735,733253.01265
2025-04-11 02:00:00,1744326000000,0.04316,0.04339,0.04243,0.04257,20384629,874507.91352
2025-04-11 03:00:00,1744329600000,0.04257,0.04307,0.0421,0.04243,29270630,1244159.99314
2025-04-11 04:00:00,1744333200000,0.04243,0.04317,0.04229,0.04307,19464917,831345.93371
2025-04-11 05:00:00,1744336800000,0.04307,0.04382,0.04294,0.04351,20460792,887233.34918
2025-04-11 06:00:00,1744340400000,0.04351,0.04367,0.04311,0.04351,20454097,887339.52475
2025-04-11 07:00:00,1744344000000,0.04351,0.04361,0.04296,0.04337,21486918,929894.2835
2025-04-11 08:00:00,1744347600000,0.04337,0.04391,0.04265,0.04284,24032280,1040125.44744
2025-04-11 09:00:00,1744351200000,0.04284,0.04325,0.04256,0.04281,21304103,913427.17775
2025-04-11 10:00:00,1744354800000,0.04281,0.04342,0.0423,0.04296,20630717,882988.29129
2025-04-11 11:00:00,1744358400000,0.04296,0.0432,0.04235,0.04292,20354961,870593.30427
2025-04-11 12:00:00,1744362000000,0.04292,0.04366,0.04242,0.04365,18102475,779652.01135
2025-04-11 13:00:00,1744365600000,0.04365,0.04493,0.04335,0.04451,32611253,1437350.09459
2025-04-11 14:00:00,1744369200000,0.04451,0.04628,0.04449,0.04588,38336197,1740186.11738
2025-04-11 15:00:00,1744372800000,0.04588,0.04701,0.04472,0.0469,40129294,1845000.71579
2025-04-11 16:00:00,1744376400000,0.0469,0.05192,0.04655,0.05135,59181982,2878871.59221
2025-04-11 17:00:00,1744380000000,0.05135,0.05444,0.05019,0.05138,105539884,5467099.25611
2025-04-11 18:00:00,1744383600000,0.05138,0.05325,0.05137,0.05202,44853374,2346993.88009
2025-04-11 19:00:00,1744387200000,0.05202,0.05664,0.05201,0.05504,97127016,5285736.27493
2025-04-11 20:00:00,1744390800000,0.05504,0.05547,0.05289,0.05421,39259961,2119752.49781
2025-04-11 21:00:00,1744394400000,0.05421,0.05567,0.05355,0.05439,28361560,1550985.60849
2025-04-11 22:00:00,1744398000000,0.05439,0.05526,0.05338,0.05403,18126191,979694.4275
2025-04-11 23:00:00,1744401600000,0.05403,0.05519,0.05351,0.05377,28495447,1552783.52524
2025-04-12 00:00:00,1744405200000,0.05377,0.05647,0.05377,0.05461,29342339,1614343.45644
2025-04-12 01:00:00,1744408800000,0.05461,0.05662,0.05372,0.05399,47512017,2622445.73903
2025-04-12 02:00:00,1744412400000,0.05399,0.05587,0.05367,0.05499,43593148,2385652.20253
2025-04-12 03:00:00,1744416000000,0.05499,0.05662,0.0515,0.05227,56001509,3045709.78825
2025-04-12 04:00:00,1744419600000,0.05227,0.05354,0.05145,0.05347,43109707,2264279.10849
2025-04-12 05:00:00,1744423200000,0.05347,0.05442,0.05143,0.05263,38590712,2042070.52259
2025-04-12 06:00:00,1744426800000,0.05263,0.05437,0.05228,0.05413,37490111,1994826.39481
2025-04-12 07:00:00,1744430400000,0.05413,0.05468,0.05269,0.05371,38340991,2051279.32799
2025-04-12 08:00:00,1744434000000,0.05371,0.05378,0.05153,0.052,45993171,2414084.9346
2025-04-12 09:00:00,1744437600000,0.052,0.05302,0.05068,0.05104,44036179,2273831.46068
2025-04-12 10:00:00,1744441200000,0.05104,0.0532,0.05053,0.05253,54558724,2816947.30567
2025-04-12 11:00:00,1744444800000,0.05253,0.05788,0.05206,0.05507,95250909,5240209.78479
2025-04-12 12:00:00,1744448400000,0.05507,0.05972,0.05427,0.05524,111622663,6349447.0608
2025-04-12 13:00:00,1744452000000,0.05524,0.05533,0.04557,0.04732,183667075,9088702.81009
2025-04-12 14:00:00,1744455600000,0.04732,0.04863,0.04702,0.04805,56824580,2719793.47815
2025-04-12 15:00:00,1744459200000,0.04805,0.05082,0.04797,0.04988,67335683,3328901.92398
2025-04-12 16:00:00,1744462800000,0.04988,0.0511,0.04853,0.05062,58279259,2907504.03035
2025-04-12 17:00:00,1744466400000,0.05062,0.05159,0.04977,0.05156,41162997,2087932.70339
2025-04-12 18:00:00,1744470000000,0.05156,0.05605,0.0512,0.05542,64127600,3398485.63506
2025-04-12 19:00:00,1744473600000,0.05542,0.05829,0.05483,0.05813,103705292,5854085.54142
2025-04-12 20:00:00,1744477200000,0.05813,0.05842,0.05509,0.05608,50193815,2819135.25537
2025-04-12 21:00:00,1744480800000,0.05608,0.05639,0.05478,0.05521,32554574,1808912.50357
2025-04-12 22:00:00,1744484400000,0.05521,0.05664,0.05485,0.05536,24398806,1359744.87871
2025-04-12 23:00:00,1744488000000,0.05536,0.05585,0.05435,0.05485,20742882,1143589.15035
2025-04-13 00:00:00,1744491600000,0.05485,0.05692,0.05453,0.0551,23971142,1336616.92187
2025-04-13 01:00:00,1744495200000,0.0551,0.05537,0.05414,0.05463,19988725,1094661.29902
2025-04-13 02:00:00,1744498800000,0.05463,0.05636,0.05447,0.05583,18207771,1007382.63766
2025-04-13 03:00:00,1744502400000,0.05583,0.05905,0.05273,0.05526,69764411,3919615.27203
2025-04-13 04:00:00,1744506000000,0.05526,0.05538,0.05338,0.05421,42088233,2283357.38263
2025-04-13 05:00:00,1744509600000,0.05421,0.0544,0.05316,0.05342,22457801,1207424.89403
2025-04-13 06:00:00,1744513200000,0.05342,0.05645,0.05271,0.0552,38867012,2124628.84667
2025-04-13 07:00:00,1744516800000,0.0552,0.05542,0.05316,0.05357,23902178,1297605.54289
2025-04-13 08:00:00,1744520400000,0.05357,0.05383,0.05226,0.05291,21731119,1151867.45686
2025-04-13 09:00:00,1744524000000,0.05291,0.05297,0.0518,0.05239,19956761,1046131.64994
2025-04-13 10:00:00,1744527600000,0.05239,0.0524,0.05159,0.05184,14370017,746151.53902
2025-04-13 11:00:00,1744531200000,0.05184,0.05241,0.05137,0.05204,20430208,1060466.65804
2025-04-13 12:00:00,1744534800000,0.05204,0.05311,0.05172,0.05266,31899187,1669555.64813
2025-04-13 13:00:00,1744538400000,0.05266,0.05287,0.05167,0.05207,15342288,801675.43599
2025-04-13 14:00:00,1744542000000,0.05207,0.05209,0.05088,0.05094,22802780,1174110.90494
2025-04-13 15:00:00,1744545600000,0.05094,0.05157,0.05077,0.05089,18631411,952981.61425
2025-04-13 16:00:00,1744549200000,0.05089,0.05146,0.05044,0.05138,22965978,1170272.35612
2025-04-13 17:00:00,1744552800000,0.05138,0.05337,0.05024,0.05316,57432455,2989086.53695
2025-04-13 18:00:00,1744556400000,0.05316,0.055,0.05293,0.05443,37523822,2020459.58908
2025-04-13 19:00:00,1744560000000,0.05443,0.05489,0.0534,0.05447,31453792,1702608.3897
2025-04-13 20:00:00,1744563600000,0.05447,0.05536,0.054,0.05502,22500908,1229293.73163
2025-04-13 21:00:00,1744567200000,0.05502,0.0565,0.05487,0.05615,23215681,1292418.44256
2025-04-13 22:00:00,1744570800000,0.05615,0.05651,0.0545,0.05469,42284047,2339362.10223
2025-04-13 23:00:00,1744574400000,0.05469,0.05507,0.05319,0.05363,36548625,1974019.80942
2025-04-14 00:00:00,1744578000000,0.05363,0.05383,0.05245,0.05284,19613081,1044386.50765
2025-04-14 01:00:00,1744581600000,0.05284,0.05322,0.05144,0.05153,19947591,1041720.11814
2025-04-14 02:00:00,1744585200000,0.05153,0.05274,0.05135,0.05242,27198274,1416599.46645
2025-04-14 03:00:00,1744588800000,0.05242,0.05338,0.05173,0.05188,28621302,1504080.00359
2025-04-14 04:00:00,1744592400000,0.05188,0.05333,0.0517,0.05307,16490284,867394.30539
2025-04-14 05:00:00,1744596000000,0.05307,0.05441,0.05208,0.05258,26026733,1384504.45311
2025-04-14 06:00:00,1744599600000,0.05258,0.05298,0.05131,0.05206,20905983,1088165.07575
2025-04-14 07:00:00,1744603200000,0.05206,0.05329,0.05149,0.05301,18530220,969249.52665
2025-04-14 08:00:00,1744606800000,0.05301,0.05443,0.05268,0.05437,25445758,1367513.01034
2025-04-14 09:00:00,1744610400000,0.05437,0.05578,0.0527,0.05289,34315033,1862007.7224
2025-04-14 10:00:00,1744614000000,0.05289,0.05651,0.05276,0.05642,37002032,2014118.733
2025-04-14 11:00:00,1744617600000,0.05642,0.05707,0.05529,0.05551,37188858,2084023.7983
2025-04-14 12:00:00,1744621200000,0.05551,0.05636,0.05315,0.05361,37812400,2067020.72371
2025-04-14 13:00:00,1744624800000,0.05361,0.0556,0.0533,0.05369,32914634,1788386.46407
2025-04-14 14:00:00,1744628400000,0.05369,0.0542,0.05152,0.05203,30352479,1598353.18139
2025-04-14 15:00:00,1744632000000,0.05203,0.05353,0.0511,0.05252,40099152,2092876.66879
2025-04-14 16:00:00,1744635600000,0.05252,0.05267,0.0512,0.05153,27856168,1443799.83575
2025-04-14 17:00:00,1744639200000,0.05153,0.05242,0.05066,0.05125,28353977,1458364.41567
2025-04-14 18:00:00,1744642800000,0.05125,0.0515,0.04927,0.05037,58430682,2938325.65932
2025-04-14 19:00:00,1744646400000,0.05037,0.05051,0.04888,0.04986,54386663,2703682.5982
2025-04-14 20:00:00,1744650000000,0.04986,0.05028,0.04923,0.04986,25198040,1253220.41992
2025-04-14 21:00:00,1744653600000,0.04986,0.05353,0.04979,0.05222,43163400,2247094.87082
2025-04-14 22:00:00,1744657200000,0.05222,0.05271,0.05009,0.05037,25296512,1299300.12509
2025-04-14 23:00:00,1744660800000,0.05037,0.05107,0.04979,0.05023,18554032,934609.09402
2025-04-15 00:00:00,1744664400000,0.05023,0.05032,0.04934,0.04955,10015927,498647.6005
2025-04-15 01:00:00,1744668000000,0.04955,0.05021,0.04852,0.04937,16377037,808162.00055
2025-04-15 02:00:00,1744671600000,0.04937,0.04942,0.0484,0.04867,14256731,695218.54402
2025-04-15 03:00:00,1744675200000,0.04867,0.04917,0.04827,0.04852,14726032,717298.08273
2025-04-15 04:00:00,1744678800000,0.04852,0.04926,0.04746,0.04911,22855282,1099460.93373
2025-04-15 05:00:00,1744682400000,0.04911,0.04911,0.04746,0.04798,19478532,936329.36565
2025-04-15 06:00:00,1744686000000,0.04798,0.04869,0.04776,0.04794,12725248,613293.59535
2025-04-15 07:00:00,1744689600000,0.04794,0.04844,0.04691,0.04842,22372222,1063773.15151
2025-04-15 08:00:00,1744693200000,0.04842,0.04997,0.04822,0.04895,22300755,1094765.13117
2025-04-15 09:00:00,1744696800000,0.04895,0.04904,0.0477,0.04836,20781784,1005318.64103
2025-04-15 10:00:00,1744700400000,0.04836,0.04921,0.04809,0.04919,16650439,809848.23835
2025-04-15 11:00:00,1744704000000,0.04919,0.04923,0.04821,0.04839,11053917,536640.36395
2025-04-15 12:00:00,1744707600000,0.04839,0.04902,0.04825,0.04867,13236313,644049.71442
2025-04-15 13:00:00,1744711200000,0.04867,0.04881,0.04737,0.04757,29920405,1432219.10108
2025-04-15 14:00:00,1744714800000,0.04757,0.04758,0.04665,0.04686,24705655,1165207.12007
2025-04-15 15:00:00,1744718400000,0.04686,0.04715,0.04592,0.04676,28592002,1331263.19978
2025-04-15 16:00:00,1744722000000,0.04676,0.04851,0.04639,0.04786,29507591,1398730.1003
2025-04-15 17:00:00,1744725600000,0.04786,0.04904,0.04756,0.04767,31288806,1510675.61761
2025-04-15 18:00:00,1744729200000,0.04767,0.04846,0.04721,0.04827,18083187,863256.884
2025-04-15 19:00:00,1744732800000,0.04827,0.04856,0.04722,0.04735,14542639,696834.69397
2025-04-15 20:00:00,1744736400000,0.04735,0.04757,0.04688,0.04698,14734129,694595.54103
2025-04-15 21:00:00,1744740000000,0.04698,0.0476,0.04658,0.04679,14525818,682291.13366
2025-04-15 22:00:00,1744743600000,0.04679,0.04701,0.04571,0.04617,23058359,1066659.69323
2025-04-15 23:00:00,1744747200000,0.04617,0.04647,0.04562,0.04569,13663512,629475.36754
2025-04-16 00:00:00,1744750800000,0.04569,0.04708,0.04552,0.04705,16034094,742160.18835
2025-04-16 01:00:00,1744754400000,0.04705,0.04719,0.04653,0.04678,17621990,824611.84126
2025-04-16 02:00:00,1744758000000,0.04678,0.04708,0.04622,0.04639,14825397,691229.88866
2025-04-16 03:00:00,1744761600000,0.04639,0.04751,0.04575,0.04665,27325617,1269357.63586
2025-04-16 04:00:00,1744765200000,0.04665,0.04896,0.04652,0.04852,28958606,1378949.03118
2025-04-16 05:00:00,1744768800000,0.04852,0.0492,0.04811,0.04918,20363559,991466.77807
2025-04-16 06:00:00,1744772400000,0.04918,0.04978,0.04874,0.0491,18686981,920374.54917
2025-04-16 07:00:00,1744776000000,0.0491,0.04966,0.04836,0.04873,17398481,854009.8176
2025-04-16 08:00:00,1744779600000,0.04873,0.04947,0.04833,0.04851,17035818,830852.09884
2025-04-16 09:00:00,1744783200000,0.04851,0.05043,0.04851,0.04915,21487938,1065526.96025
2025-04-16 10:00:00,1744786800000,0.04915,0.04942,0.04836,0.04888,14296030,699256.99513
2025-04-16 11:00:00,1744790400000,0.04888,0.05042,0.04876,0.05003,19317415,959148.06794
2025-04-16 12:00:00,1744794000000,0.05003,0.05088,0.04965,0.04978,18023211,905567.40496
2025-04-16 13:00:00,1744797600000,0.04978,0.05035,0.04846,0.04858,18612500,919235.93771
2025-04-16 14:00:00,1744801200000,0.04858,0.05007,0.04852,0.04955,20531010,1016753.09063
2025-04-16 15:00:00,1744804800000,0.04955,0.04971,0.04756,0.04801,20629556,998692.1236
2025-04-16 16:00:00,1744808400000,0.04801,0.04832,0.04739,0.04784,15363859,736199.18539
2025-04-16 17:00:00,1744812000000,0.04784,0.04817,0.04741,0.04782,14787627,706317.60792
2025-04-16 18:00:00,1744815600000,0.04782,0.05003,0.04747,0.04963,21567137,1055252.28324
2025-04-16 19:00:00,1744819200000,0.04963,0.05043,0.04848,0.04961,26831985,1330615.87625
2025-04-16 20:00:00,1744822800000,0.04961,0.05331,0.04948,0.05125,51547400,2669606.19595
2025-04-16 21:00:00,1744826400000,0.05125,0.05223,0.0494,0.05025,33559184,1702640.96917
2025-04-16 22:00:00,1744830000000,0.05025,0.05085,0.04857,0.05003,25119367,1239378.41381
2025-04-16 23:00:00,1744833600000,0.05003,0.05003,0.04809,0.04824,15712055,767663.79131
2025-04-17 00:00:00,1744837200000,0.04824,0.05023,0.04803,0.04974,12907381,637093.12105
2025-04-17 01:00:00,1744840800000,0.04974,0.04981,0.04848,0.04873,9629863,471807.74873
2025-04-17 02:00:00,1744844400000,0.04873,0.04995,0.04846,0.04981,12259123,601775.64612
2025-04-17 03:00:00,1744848000000,0.04981,0.0512,0.04962,0.05093,20354765,1027206.48718
2025-04-17 04:00:00,1744851600000,0.05093,0.05302,0.05086,0.05246,34736006,1812085.90719
2025-04-17 05:00:00,1744855200000,0.05246,0.05246,0.05034,0.05061,18023513,923507.12502
2025-04-17 06:00:00,1744858800000,0.05061,0.05159,0.05031,0.05081,23652004,1204626.81849
2025-04-17 07:00:00,1744862400000,0.05081,0.05088,0.04887,0.04945,21117267,1051441.08057
2025-04-17 08:00:00,1744866000000,0.04945,0.05248,0.04942,0.05244,22068618,1124305.8138
2025-04-17 09:00:00,1744869600000,0.05244,0.05337,0.05015,0.05111,34247275,1767772.87929
2025-04-17 10:00:00,1744873200000,0.05111,0.05214,0.04988,0.0519,20561551,1043327.31118
2025-04-17 11:00:00,1744876800000,0.0519,0.05239,0.04959,0.04964,24584461,1252687.75626
2025-04-17 12:00:00,1744880400000,0.04964,0.05062,0.04939,0.04983,13816333,690441.86496
2025-04-17 13:00:00,1744884000000,0.04983,0.04983,0.04769,0.0484,28824152,1398671.19112
2025-04-17 14:00:00,1744887600000,0.0484,0.04869,0.0477,0.0481,19140372,923100.61898
2025-04-17 15:00:00,1744891200000,0.0481,0.04895,0.04756,0.04844,28210495,1363229.68268
2025-04-17 16:00:00,1744894800000,0.04844,0.049,0.04786,0.04822,22515030,1088899.3807
2025-04-17 17:00:00,1744898400000,0.04822,0.04836,0.04728,0.04803,26785240,1281441.58215
2025-04-17 18:00:00,1744902000000,0.04803,0.05512,0.04781,0.05399,129733660,6771617.79032
2025-04-17 19:00:00,1744905600000,0.05399,0.05498,0.05192,0.05319,66443737,3541474.06299
2025-04-17 20:00:00,1744909200000,0.05319,0.05409,0.05213,0.05302,29037723,1542579.90898
2025-04-17 21:00:00,1744912800000,0.05302,0.05432,0.05218,0.0532,28665384,1524298.22203
2025-04-17 22:00:00,1744916400000,0.0532,0.05333,0.05155,0.05239,17859449,935743.79535
2025-04-17 23:00:00,1744920000000,0.05239,0.05253,0.05112,0.05139,14685506,759977.77958
2025-04-18 00:00:00,1744923600000,0.05139,0.0521,0.05022,0.05038,18518405,941443.56479
2025-04-18 01:00:00,1744927200000,0.05038,0.05042,0.04845,0.04911,37857698,1865062.07355
2025-04-18 02:00:00,1744930800000,0.04911,0.04969,0.04847,0.04929,26727197,1308460.90722
2025-04-18 03:00:00,1744934400000,0.04929,0.0502,0.04862,0.04938,45513535,2247710.13543
2025-04-18 04:00:00,1744938000000,0.04938,0.04997,0.04872,0.04969,24160797,1190185.28259
2025-04-18 05:00:00,1744941600000,0.04969,0.0521,0.0493,0.05196,27917356,1419515.25269
2025-04-18 06:00:00,1744945200000,0.05196,0.05196,0.05069,0.05114,29729395,1525779.89035
2025-04-18 07:00:00,1744948800000,0.05114,0.05216,0.05037,0.0507,24383057,1249225.1011
2025-04-18 08:00:00,1744952400000,0.0507,0.05077,0.04945,0.04974,20842929,1042159.46669
2025-04-18 09:00:00,1744956000000,0.04974,0.05001,0.04935,0.04979,12530317,622056.03666
2025-04-18 10:00:00,1744959600000,0.04979,0.05009,0.049,0.04918,13153066,649079.0441
2025-04-18 11:00:00,1744963200000,0.04918,0.04941,0.0487,0.04881,18305026,896989.86521
2025-04-18 12:00:00,1744966800000,0.04881,0.04949,0.04855,0.04917,11245095,550831.25529
2025-04-18 13:00:00,1744970400000,0.04917,0.04989,0.04827,0.04838,18857418,927723.27428
2025-04-18 14:00:00,1744974000000,0.04838,0.04851,0.04757,0.04839,19836189,952419.27085
2025-04-18 15:00:00,1744977600000,0.04839,0.05034,0.04823,0.05008,29572018,1463610.39367
2025-04-18 16:00:00,1744981200000,0.05008,0.05056,0.04904,0.04954,27670798,1378679.3002
2025-04-18 17:00:00,1744984800000,0.04954,0.04995,0.04831,0.04869,26501562,1304635.96758
2025-04-18 18:00:00,1744988400000,0.04869,0.04894,0.0473,0.04749,29516877,1415433.95302
2025-04-18 19:00:00,1744992000000,0.04749,0.04749,0.04618,0.04698,20315481,950261.53236
2025-04-18 20:00:00,1744995600000,0.04698,0.04768,0.04666,0.04717,14887439,703849.1616
2025-04-18 21:00:00,1744999200000,0.04717,0.04718,0.04645,0.04668,15609471,729351.02224
2025-04-18 22:00:00,1745002800000,0.04668,0.04749,0.04668,0.04684,12323942,580387.98439
2025-04-18 23:00:00,1745006400000,0.04684,0.0471,0.04647,0.04694,7598011,355471.23121
2025-04-19 00:00:00,1745010000000,0.04694,0.04729,0.04667,0.04711,6996413,329110.50115
2025-04-19 01:00:00,1745013600000,0.04711,0.04732,0.04664,0.0471,6022307,282997.33142
2025-04-19 02:00:00,1745017200000,0.0471,0.04724,0.04667,0.0471,8098629,380604.11967
2025-04-19 03:00:00,1745020800000,0.0471,0.0471,0.04639,0.04661,11344208,530386.05891
2025-04-19 04:00:00,1745024400000,0.04661,0.04722,0.04656,0.04717,7352299,344830.01019
2025-04-19 05:00:00,1745028000000,0.04717,0.04797,0.04678,0.04769,10104097,480418.65319
2025-04-19 06:00:00,1745031600000,0.04769,0.04799,0.04751,0.04763,9956079,475410.33266
2025-04-19 07:00:00,1745035200000,0.04763,0.04763,0.04674,0.04692,13415187,631492.2912
2025-04-19 08:00:00,1745038800000,0.04692,0.04704,0.0465,0.04669,9547101,445971.48396
2025-04-19 09:00:00,1745042400000,0.04669,0.0469,0.04617,0.04627,11621772,540852.74341
2025-04-19 10:00:00,1745046000000,0.04627,0.04649,0.04585,0.0462,13965506,643944.33193
2025-04-19 11:00:00,1745049600000,0.0462,0.04717,0.04603,0.04704,106493607,4932785.88621
2025-04-19 12:00:00,1745053200000,0.04704,0.0487,0.04702,0.04802,25801997,1238842.38627
2025-04-19 13:00:00,1745056800000,0.04802,0.04896,0.04792,0.04864,11458875,554434.38925
2025-04-19 14:00:00,1745060400000,0.04864,0.04949,0.0483,0.04918,14161196,693608.90194
2025-04-19 15:00:00,1745064000000,0.04918,0.04943,0.04862,0.04906,10089882,494590.77113
2025-04-19 16:00:00,1745067600000,0.04906,0.04985,0.04898,0.04978,8948446,441500.24041
2025-04-19 17:00:00,1745071200000,0.04978,0.05181,0.04957,0.051,26127486,1325095.83446
2025-04-19 18:00:00,1745074800000,0.051,0.05166,0.05045,0.05106,16515902,841922.6579
2025-04-19 19:00:00,1745078400000,0.05106,0.05133,0.0503,0.0504,14822431,753131.58489
2025-04-19 20:00:00,1745082000000,0.0504,0.0517,0.05027,0.05104,10035489,511317.55459
2025-04-19 21:00:00,1745085600000,0.05104,0.05186,0.05081,0.05121,8277496,424917.08586
2025-04-19 22:00:00,1745089200000,0.05121,0.05294,0.05121,0.05283,13753741,716944.12456
2025-04-19 23:00:00,1745092800000,0.05283,0.05592,0.05271,0.05315,47932619,2599019.61725
2025-04-20 00:00:00,1745096400000,0.05315,0.0532,0.05064,0.05076,27513076,1431573.65348
2025-04-20 01:00:00,1745100000000,0.05076,0.05143,0.05047,0.05134,12301750,625449.31942
2025-04-20 02:00:00,1745103600000,0.05134,0.05158,0.05071,0.05123,14376607,735269.60145
2025-04-20 03:00:00,1745107200000,0.05123,0.05149,0.05075,0.05114,12518588,638927.62771
2025-04-20 04:00:00,1745110800000,0.05114,0.05236,0.05103,0.05229,22687217,1174834.98701
2025-04-20 05:00:00,1745114400000,0.05229,0.05349,0.05211,0.0526,20703060,1091429.1759
2025-04-20 06:00:00,1745118000000,0.0526,0.05345,0.0523,0.05312,27647869,1462906.04919
2025-04-20 07:00:00,1745121600000,0.05312,0.05418,0.05216,0.05247,34164865,1816757.61448
2025-04-20 08:00:00,1745125200000,0.05247,0.05264,0.05158,0.05215,14921935,776433.64304
2025-04-20 09:00:00,1745128800000,0.05215,0.05429,0.05199,0.05295,25308769,1341407.29869
2025-04-20 10:00:00,1745132400000,0.05295,0.05301,0.05188,0.05228,16561524,869344.88357
2025-04-20 11:00:00,1745136000000,0.05228,0.0524,0.05046,0.0506,22394760,1147747.46655
2025-04-20 12:00:00,1745139600000,0.0506,0.05094,0.05029,0.05069,10241609,518842.11203
2025-04-20 13:00:00,1745143200000,0.05069,0.05095,0.05001,0.05034,13214813,666959.78722
2025-04-20 14:00:00,1745146800000,0.05034,0.05073,0.05001,0.05034,9963892,501750.10795
2025-04-20 15:00:00,1745150400000,0.05034,0.05198,0.05032,0.05108,15885207,814190.67639
2025-04-20 16:00:00,1745154000000,0.05108,0.05116,0.05039,0.05043,8693393,441424.22795
2025-04-20 17:00:00,1745157600000,0.05043,0.05082,0.04936,0.05042,18248309,911826.74477
2025-04-20 18:00:00,1745161200000,0.05042,0.05178,0.05038,0.05054,15445557,788007.13452
2025-04-20 19:00:00,1745164800000,0.05054,0.05087,0.05015,0.05067,10287024,519641.84023
2025-04-20 20:00:00,1745168400000,0.05067,0.05078,0.05033,0.05067,4250227,214757.18396
2025-04-20 21:00:00,1745172000000,0.05067,0.05109,0.05045,0.05087,3982165,202233.67496
2025-04-20 22:00:00,1745175600000,0.05087,0.05093,0.05032,0.05056,3813046,192880.97327
2025-04-20 23:00:00,1745179200000,0.05056,0.05087,0.05034,0.05057,4753370,240282.83593
2025-04-21 00:00:00,1745182800000,0.05057,0.05068,0.05018,0.05027,3482472,175575.55055
2025-04-21 01:00:00,1745186400000,0.05027,0.05036,0.04983,0.04996,5717858,286021.08419
2025-04-21 02:00:00,1745190000000,0.04996,0.05072,0.04996,0.05068,5572282,279785.12656
2025-04-21 03:00:00,1745193600000,0.05068,0.05286,0.05068,0.05244,20394950,1056824.65299
2025-04-21 04:00:00,1745197200000,0.05244,0.05328,0.05152,0.0527,16228157,851975.18546
2025-04-21 05:00:00,1745200800000,0.0527,0.05424,0.05227,0.05319,23806412,1271547.07462
2025-04-21 06:00:00,1745204400000,0.05319,0.05385,0.05252,0.05385,8942656,475132.80257
2025-04-21 07:00:00,1745208000000,0.05385,0.05498,0.05293,0.05456,12345541,666838.50346
2025-04-21 08:00:00,1745211600000,0.05456,0.05668,0.05453,0.05542,25048244,1395630.88049
2025-04-21 09:00:00,1745215200000,0.05542,0.0559,0.05406,0.05486,21494843,1180296.52516
2025-04-21 10:00:00,1745218800000,0.05486,0.05508,0.05418,0.05448,9788252,534010.80987
2025-04-21 11:00:00,1745222400000,0.05448,0.05709,0.054,0.05661,19215171,1069145.5712
2025-04-21 12:00:00,1745226000000,0.05661,0.05675,0.05435,0.0547,17945308,989956.42177
2025-04-21 13:00:00,1745229600000,0.0547,0.05785,0.05436,0.05548,31485133,1761315.23738
2025-04-21 14:00:00,1745233200000,0.05548,0.05647,0.05524,0.05588,15535699,868898.12733
2025-04-21 15:00:00,1745236800000,0.05588,0.05896,0.05567,0.058,29903240,1714871.32909
2025-04-21 16:00:00,1745240400000,0.058,0.06393,0.05788,0.06195,74975376,4603907.96265
2025-04-21 17:00:00,1745244000000,0.06195,0.06283,0.05858,0.05932,53561313,3270532.91275
2025-04-21 18:00:00,1745247600000,0.05932,0.06068,0.05834,0.05998,33589812,1998853.06355
2025-04-21 19:00:00,1745251200000,0.05998,0.06386,0.05971,0.06167,46286062,2867313.92319
2025-04-21 20:00:00,1745254800000,0.06167,0.06281,0.05866,0.05949,44660416,2702911.88222
2025-04-21 21:00:00,1745258400000,0.05949,0.05949,0.05754,0.05844,26695203,1559651.01883
2025-04-21 22:00:00,1745262000000,0.05844,0.0587,0.05654,0.05717,16423528,948010.46175
2025-04-21 23:00:00,1745265600000,0.05717,0.05829,0.05674,0.05756,12350316,710123.36452
2025-04-22 00:00:00,1745269200000,0.05756,0.05765,0.05688,0.05739,7115206,407341.78467
2025-04-22 01:00:00,1745272800000,0.05739,0.05829,0.05705,0.05826,7525953,433604.51267
2025-04-22 02:00:00,1745276400000,0.05826,0.05965,0.05786,0.05869,17375911,1022148.27905
2025-04-22 03:00:00,1745280000000,0.05869,0.05958,0.05841,0.05883,19384937,1143655.23263
2025-04-22 04:00:00,1745283600000,0.05883,0.06175,0.05875,0.06175,16590673,1000543.89503
2025-04-22 05:00:00,1745287200000,0.06175,0.06243,0.06005,0.06084,16463944,1008644.90549
2025-04-22 06:00:00,1745290800000,0.06084,0.06408,0.05986,0.06179,29080820,1807456.20797
2025-04-22 07:00:00,1745294400000,0.06179,0.06199,0.05722,0.05772,52528899,3073631.61709
2025-04-22 08:00:00,1745298000000,0.05772,0.05782,0.05423,0.05554,33314279,1862175.80403
2025-04-22 09:00:00,1745301600000,0.05554,0.05566,0.05431,0.0555,18964918,1043787.57785
2025-04-22 10:00:00,1745305200000,0.0555,0.05869,0.05518,0.05847,35017176,2004334.8132
2025-04-22 11:00:00,1745308800000,0.05847,0.05957,0.05763,0.05904,37455720,2198296.56197
2025-04-22 12:00:00,1745312400000,0.05904,0.05965,0.05824,0.05891,57177634,3359058.48304
2025-04-22 13:00:00,1745316000000,0.05891,0.06016,0.05852,0.05912,16008449,949865.21029
2025-04-22 14:00:00,1745319600000,0.05912,0.05947,0.0579,0.05807,17496512,1025905.71851
2025-04-22 15:00:00,1745323200000,0.05807,0.05826,0.05703,0.05724,23885514,1375649.69636
2025-04-22 16:00:00,1745326800000,0.05724,0.05845,0.05685,0.05835,21676422,1251673.10143
2025-04-22 17:00:00,1745330400000,0.05835,0.05937,0.05784,0.05926,12270788,717922.0298
2025-04-22 18:00:00,1745334000000,0.05926,0.05994,0.05853,0.05956,18612942,1103733.26805
2025-04-22 19:00:00,1745337600000,0.05956,0.05969,0.05866,0.05915,5547355,327998.61719
2025-04-22 20:00:00,1745341200000,0.05915,0.05932,0.05859,0.05912,5028488,296524.84897
2025-04-22 21:00:00,1745344800000,0.05912,0.05927,0.05834,0.05926,3528680,207655.63665
2025-04-22 22:00:00,1745348400000,0.05926,0.05948,0.05861,0.05883,4767343,281208.08658
2025-04-22 23:00:00,1745352000000,0.05883,0.05925,0.05843,0.05865,4540663,266919.07028
2025-04-23 00:00:00,1745355600000,0.05865,0.05971,0.05806,0.05912,11114828,653548.40982
2025-04-23 01:00:00,1745359200000,0.05912,0.06072,0.0591,0.06009,12242202,733314.26829
2025-04-23 02:00:00,1745362800000,0.06009,0.06115,0.05995,0.06052,7529413,456113.17572
2025-04-23 03:00:00,1745366400000,0.06052,0.06212,0.06,0.06113,15204842,926486.26452
2025-04-23 04:00:00,1745370000000,0.06113,0.06362,0.06113,0.06234,14271439,895514.7686
2025-04-23 05:00:00,1745373600000,0.06234,0.06445,0.06136,0.06337,22756692,1431303.87368
2025-04-23 06:00:00,1745377200000,0.06337,0.06521,0.06173,0.06455,20524413,1303206.03781
2025-04-23 07:00:00,1745380800000,0.06455,0.06529,0.06226,0.06301,18318512,1160942.09768
2025-04-23 08:00:00,1745384400000,0.06301,0.06301,0.06158,0.06233,10953602,681069.30684
2025-04-23 09:00:00,1745388000000,0.06233,0.06237,0.06053,0.0613,9779900,601696.66543
2025-04-23 10:00:00,1745391600000,0.0613,0.06281,0.06084,0.06251,8363346,516288.38886
2025-04-23 11:00:00,1745395200000,0.06251,0.06263,0.0615,0.06216,6133388,380503.62238
2025-04-23 12:00:00,1745398800000,0.06216,0.06279,0.06183,0.06271,5360404,333865.06685
2025-04-23 13:00:00,1745402400000,0.06271,0.06285,0.06192,0.06215,6936436,433026.5343
2025-04-23 14:00:00,1745406000000,0.06215,0.06229,0.05955,0.06022,17282736,1047401.3946
2025-04-23 15:00:00,1745409600000,0.06022,0.06097,0.05999,0.0608,10022936,606912.64676
2025-04-23 16:00:00,1745413200000,0.0608,0.06124,0.05938,0.05964,15039973,907531.6438
2025-04-23 17:00:00,1745416800000,0.05964,0.06076,0.05928,0.05963,13141145,789352.73331
2025-04-23 18:00:00,1745420400000,0.05963,0.05968,0.05774,0.05834,26313365,1538053.0243
2025-04-23 19:00:00,1745424000000,0.05834,0.05848,0.05657,0.05807,15930170,916672.59402
2025-04-23 20:00:00,1745427600000,0.05807,0.05901,0.05674,0.05714,10822665,625780.65771
2025-04-23 21:00:00,1745431200000,0.05714,0.05745,0.05579,0.05627,8765680,496080.89441
2025-04-23 22:00:00,1745434800000,0.05627,0.05652,0.05531,0.056,9328676,520824.57195
2025-04-23 23:00:00,1745438400000,0.056,0.05638,0.05566,0.05621,13751126,769396.67132
2025-04-24 00:00:00,1745442000000,0.05621,0.05636,0.05557,0.05575,4237704,237327.08859
2025-04-24 01:00:00,1745445600000,0.05575,0.05653,0.05557,0.05613,4535307,254096.35551
2025-04-24 02:00:00,1745449200000,0.05613,0.05638,0.05541,0.05555,4761325,266302.69189
2025-04-24 03:00:00,1745452800000,0.05555,0.05564,0.05206,0.05377,25181252,1358357.87285
2025-04-24 04:00:00,1745456400000,0.05377,0.05402,0.0526,0.05355,10571057,563676.44025
2025-04-24 05:00:00,1745460000000,0.05355,0.05386,0.05254,0.0528,5435757,289827.66899
2025-04-24 06:00:00,1745463600000,0.0528,0.05298,0.05173,0.05198,7670620,402217.96274
2025-04-24 07:00:00,1745467200000,0.05198,0.05222,0.05131,0.05209,9832698,509405.39654
2025-04-24 08:00:00,1745470800000,0.05209,0.05277,0.05196,0.05251,7118435,373133.94136
2025-04-24 09:00:00,1745474400000,0.05251,0.05272,0.05176,0.05185,7012840,365793.53151
2025-04-24 10:00:00,1745478000000,0.05185,0.05212,0.05136,0.0515,8782589,454330.33826
2025-04-24 11:00:00,1745481600000,0.0515,0.05188,0.0507,0.0508,12991785,665545.35628
2025-04-24 12:00:00,1745485200000,0.0508,0.05126,0.05063,0.05084,6523596,332632.29934
2025-04-24 13:00:00,1745488800000,0.05084,0.05129,0.05043,0.05111,7680405,390545.20063
2025-04-24 14:00:00,1745492400000,0.05111,0.05444,0.05086,0.05426,25321165,1338603.88834
2025-04-24 15:00:00,1745496000000,0.05426,0.0546,0.05276,0.05337,12572250,674133.50486
2025-04-24 16:00:00,1745499600000,0.05337,0.05356,0.05199,0.05265,11063336,583927.99097
2025-04-24 17:00:00,1745503200000,0.05265,0.05355,0.05251,0.05331,10040350,532709.51392
2025-04-24 18:00:00,1745506800000,0.05331,0.05733,0.05306,0.05654,26485383,1478180.34612
2025-04-24 19:00:00,1745510400000,0.05654,0.0593,0.05643,0.0576,33669071,1957567.57606
2025-04-24 20:00:00,1745514000000,0.0576,0.05766,0.05644,0.05728,10961971,624605.84487
2025-04-24 21:00:00,1745517600000,0.05728,0.05839,0.05664,0.05796,15167155,872810.21823
2025-04-24 22:00:00,1745521200000,0.05796,0.05841,0.05636,0.05661,11236742,644884.21989
2025-04-24 23:00:00,1745524800000,0.05661,0.05759,0.05645,0.05731,5570044,317476.60379
2025-04-25 00:00:00,1745528400000,0.05731,0.05844,0.05728,0.05767,4758181,274909.43059
2025-04-25 01:00:00,1745532000000,0.05767,0.058,0.05699,0.05771,5473181,314754.98494
2025-04-25 02:00:00,1745535600000,0.05771,0.05843,0.05743,0.05796,4662517,270157.15949
2025-04-25 03:00:00,1745539200000,0.05796,0.05876,0.05764,0.0578,3715962,216180.45057
2025-04-25 04:00:00,1745542800000,0.0578,0.05876,0.05731,0.05807,5838797,338751.51485
2025-04-25 05:00:00,1745546400000,0.05807,0.05847,0.05715,0.05747,4399680,253773.65378
2025-04-25 06:00:00,1745550000000,0.05747,0.05868,0.05747,0.05779,5802061,337055.02361
2025-04-25 07:00:00,1745553600000,0.05779,0.05821,0.05525,0.05559,11654656,660233.45535
2025-04-25 08:00:00,1745557200000,0.05559,0.05563,0.05427,0.05507,11242325,618522.11123
2025-04-25 09:00:00,1745560800000,0.05507,0.05584,0.0541,0.05535,9666632,531953.75236
2025-04-25 10:00:00,1745564400000,0.05535,0.05681,0.0553,0.05613,8079593,453527.03834
2025-04-25 11:00:00,1745568000000,0.05613,0.05692,0.05582,0.05605,9878266,555978.39924
2025-04-25 12:00:00,1745571600000,0.05605,0.0563,0.05516,0.05551,5697711,317207.68558
2025-04-25 13:00:00,1745575200000,0.05551,0.05564,0.05242,0.05365,26349402,1416760.12046
2025-04-25 14:00:00,1745578800000,0.05365,0.05446,0.05332,0.05372,7304294,393253.51768
2025-04-25 15:00:00,1745582400000,0.05372,0.05462,0.05338,0.05378,6723365,363193.14592
2025-04-25 16:00:00,1745586000000,0.05378,0.05439,0.0535,0.05388,5803371,312546.65562
2025-04-25 17:00:00,1745589600000,0.05388,0.05545,0.0538,0.05507,12102175,662829.63029
2025-04-25 18:00:00,1745593200000,0.05507,0.05648,0.05468,0.0557,10990601,612571.82595
2025-04-25 19:00:00,1745596800000,0.0557,0.05734,0.05543,0.05587,9097606,511864.4231
2025-04-25 20:00:00,1745600400000,0.05587,0.05649,0.05544,0.05577,7206733,402863.82257
2025-04-25 21:00:00,1745604000000,0.05577,0.05631,0.05534,0.05555,3689567,205602.1475
2025-04-25 22:00:00,1745607600000,0.05555,0.05628,0.05521,0.05609,4607783,256759.55663
2025-04-25 23:00:00,1745611200000,0.05609,0.05635,0.05529,0.05563,2422351,135349.38625
2025-04-26 00:00:00,1745614800000,0.05563,0.0559,0.05426,0.0549,10076668,552453.31492
2025-04-26 01:00:00,1745618400000,0.0549,0.05557,0.05482,0.05547,2573988,141918.20469
2025-04-26 02:00:00,1745622000000,0.05547,0.05547,0.05461,0.05492,2061841,113289.32473
2025-04-26 03:00:00,1745625600000,0.05492,0.05884,0.05492,0.05856,10085561,578181.6924
2025-04-26 04:00:00,1745629200000,0.05856,0.05864,0.05703,0.05746,6652855,384731.05579
2025-04-26 05:00:00,1745632800000,0.05746,0.05877,0.05735,0.05803,6048354,351766.90715
2025-04-26 06:00:00,1745636400000,0.05803,0.05904,0.05734,0.05853,4902310,284801.0812
2025-04-26 07:00:00,1745640000000,0.05853,0.05874,0.05771,0.05774,4465513,259895.57211
2025-04-26 08:00:00,1745643600000,0.05774,0.05817,0.05713,0.05763,4682737,269909.11451
2025-04-26 09:00:00,1745647200000,0.05763,0.05829,0.05667,0.05778,6799642,389920.65476
2025-04-26 10:00:00,1745650800000,0.05778,0.05844,0.05743,0.05746,3580152,207534.25532
2025-04-26 11:00:00,1745654400000,0.05746,0.05809,0.05659,0.05684,5100558,292236.68734
2025-04-26 12:00:00,1745658000000,0.05684,0.05685,0.0556,0.05603,3962854,222397.91691
2025-04-26 13:00:00,1745661600000,0.05603,0.05831,0.05586,0.05815,6935688,398984.62552
2025-04-26 14:00:00,1745665200000,0.05815,0.05833,0.05631,0.05665,10005553,572719.68834
2025-04-26 15:00:00,1745668800000,0.05665,0.05871,0.05662,0.05843,8152067,472476.16903
2025-04-26 16:00:00,1745672400000,0.05843,0.0588,0.05779,0.05811,5482582,319067.52976
2025-04-26 17:00:00,1745676000000,0.05811,0.05836,0.05698,0.05794,4126083,237847.87457
2025-04-26 18:00:00,1745679600000,0.05794,0.06051,0.0578,0.05949,9114757,540252.77381
2025-04-26 19:00:00,1745683200000,0.05949,0.05965,0.0583,0.05879,5528051,325897.36206
2025-04-26 20:00:00,1745686800000,0.05879,0.05946,0.05851,0.05938,2068427,122021.42125
2025-04-26 21:00:00,1745690400000,0.05938,0.06049,0.05931,0.05932,4583337,274591.56857
2025-04-26 22:00:00,1745694000000,0.05932,0.06023,0.05872,0.06006,2664209,158347.39333
2025-04-26 23:00:00,1745697600000,0.06006,0.06082,0.05979,0.06009,5625809,339001.19988
2025-04-27 00:00:00,1745701200000,0.06009,0.06014,0.05745,0.05882,7434283,436018.6861
2025-04-27 01:00:00,1745704800000,0.05882,0.06061,0.05867,0.06029,4514983,269849.90068
2025-04-27 02:00:00,1745708400000,0.06029,0.06117,0.05986,0.06064,3815520,230969.53581
2025-04-27 03:00:00,1745712000000,0.06064,0.06122,0.05917,0.06065,8277335,497608.6898
2025-04-27 04:00:00,1745715600000,0.06065,0.06093,0.05823,0.0586,7159782,424166.53165
2025-04-27 05:00:00,1745719200000,0.0586,0.06027,0.05815,0.05983,5640604,333191.98202
2025-04-27 06:00:00,1745722800000,0.05983,0.06137,0.05955,0.06051,5793584,349989.02347
2025-04-27 07:00:00,1745726400000,0.06051,0.06058,0.05913,0.06002,6339954,379213.31937
2025-04-27 08:00:00,1745730000000,0.06002,0.06107,0.05924,0.05945,5936314,357767.42601
2025-04-27 09:00:00,1745733600000,0.05945,0.05958,0.05592,0.05783,15315214,880526.62285
2025-04-27 10:00:00,1745737200000,0.05783,0.05963,0.05751,0.05865,7186149,422333.08604
2025-04-27 11:00:00,1745740800000,0.05865,0.06011,0.05825,0.05918,6453759,382732.94019
2025-04-27 12:00:00,1745744400000,0.05918,0.06189,0.05893,0.06064,8090956,487749.24869
2025-04-27 13:00:00,1745748000000,0.06064,0.06273,0.06044,0.06188,15872768,982013.84208
2025-04-27 14:00:00,1745751600000,0.06188,0.06244,0.06062,0.06186,9037361,554455.8862
2025-04-27 15:00:00,1745755200000,0.06186,0.06217,0.06084,0.06141,8026648,493652.79519
2025-04-27 16:00:00,1745758800000,0.06141,0.064,0.06109,0.06253,13746695,858258.60423
2025-04-27 17:00:00,1745762400000,0.06253,0.06482,0.06082,0.06113,17234806,1084480.07626
2025-04-27 18:00:00,1745766000000,0.06113,0.06252,0.0606,0.06208,10241831,631262.02751
2025-04-27 19:00:00,1745769600000,0.06208,0.06373,0.06141,0.06191,9031867,566299.80483
2025-04-27 20:00:00,1745773200000,0.06191,0.06269,0.06157,0.0622,4766171,295985.21024
2025-04-27 21:00:00,1745776800000,0.0622,0.06354,0.062,0.06327,4393460,276048.0589
2025-04-27 22:00:00,1745780400000,0.06327,0.06347,0.06143,0.0622,3509964,218653.21898
2025-04-27 23:00:00,1745784000000,0.0622,0.06369,0.06187,0.06342,4900472,308928.38783
2025-04-28 00:00:00,1745787600000,0.06342,0.06437,0.0628,0.06349,4064589,258922.79685
2025-04-28 01:00:00,1745791200000,0.06349,0.06384,0.06276,0.06345,3755363,237722.90309
2025-04-28 02:00:00,1745794800000,0.06345,0.06348,0.06212,0.06221,3667638,230338.84854
2025-04-28 03:00:00,1745798400000,0.06221,0.0627,0.06037,0.06062,8642856,529972.22311
2025-04-28 04:00:00,1745802000000,0.06062,0.06169,0.06051,0.06143,6378810,389638.39275
2025-04-28 05:00:00,1745805600000,0.06143,0.064,0.06139,0.06336,8125036,512107.2633
2025-04-28 06:00:00,1745809200000,0.06336,0.06376,0.06257,0.06328,5945122,375773.15862
2025-04-28 07:00:00,1745812800000,0.06328,0.06608,0.06299,0.06574,10605287,684093.54602
2025-04-28 08:00:00,1745816400000,0.06574,0.06778,0.06467,0.06507,16350240,1079259.11336
2025-04-28 09:00:00,1745820000000,0.06507,0.06654,0.06428,0.06464,9299822,606757.74825
2025-04-28 10:00:00,1745823600000,0.06464,0.06563,0.06464,0.06527,5052883,329402.78341
2025-04-28 11:00:00,1745827200000,0.06527,0.06596,0.06333,0.06539,17002445,1102499.64687
2025-04-28 12:00:00,1745830800000,0.06539,0.06578,0.06413,0.06454,10083470,654402.25232
2025-04-28 13:00:00,1745834400000,0.06454,0.06552,0.06329,0.0645,10495831,675596.00583
2025-04-28 14:00:00,1745838000000,0.0645,0.06539,0.06418,0.06474,4850932,314862.72112
2025-04-28 15:00:00,1745841600000,0.06474,0.06496,0.06359,0.06377,4717048,303584.43768
2025-04-28 16:00:00,1745845200000,0.06377,0.06472,0.06252,0.06268,9376437,596252.14839
2025-04-28 17:00:00,1745848800000,0.06268,0.06292,0.06055,0.06216,18081313,1116978.91781
2025-04-28 18:00:00,1745852400000,0.06216,0.06226,0.06056,0.06153,7091513,436522.76133
2025-04-28 19:00:00,1745856000000,0.06153,0.06176,0.06087,0.06134,5432301,333020.95838
2025-04-28 20:00:00,1745859600000,0.06134,0.06209,0.0611,0.06173,5984915,368421.94712
2025-04-28 21:00:00,1745863200000,0.06173,0.06399,0.06116,0.06387,5056538,315566.61627
2025-04-28 22:00:00,1745866800000,0.06387,0.06543,0.06359,0.06456,7113256,459810.36594
2025-04-28 23:00:00,1745870400000,0.06456,0.06493,0.06355,0.06466,4710690,302677.44506
2025-04-29 00:00:00,1745874000000,0.06466,0.06466,0.06344,0.06373,3039063,194261.27475
2025-04-29 01:00:00,1745877600000,0.06373,0.06405,0.06339,0.06357,1334340,84959.37606
2025-04-29 02:00:00,1745881200000,0.06357,0.06399,0.06237,0.06269,3180230,200569.54968
2025-04-29 03:00:00,1745884800000,0.06269,0.06399,0.06244,0.06256,2934418,185423.05414
2025-04-29 04:00:00,1745888400000,0.06256,0.06374,0.0625,0.06341,3704043,233747.94829
2025-04-29 05:00:00,1745892000000,0.06341,0.0644,0.06223,0.06254,5128164,324778.75565
2025-04-29 06:00:00,1745895600000,0.06254,0.06263,0.0616,0.06228,3953844,245723.87965
2025-04-29 07:00:00,1745899200000,0.06228,0.06262,0.06114,0.0613,4670699,288448.89079
2025-04-29 08:00:00,1745902800000,0.0613,0.06223,0.06116,0.06194,5082110,314083.7744
2025-04-29 09:00:00,1745906400000,0.06194,0.06421,0.06177,0.06388,5896599,369860.76282
2025-04-29 10:00:00,1745910000000,0.06388,0.06565,0.06386,0.06517,13410476,868718.02188
2025-04-29 11:00:00,1745913600000,0.06517,0.06688,0.06479,0.0666,7361546,483626.73217
2025-04-29 12:00:00,1745917200000,0.0666,0.06768,0.06585,0.06724,8292608,554296.54028
2025-04-29 13:00:00,1745920800000,0.06724,0.06755,0.06512,0.0661,6963314,462141.36315
2025-04-29 14:00:00,1745924400000,0.0661,0.06707,0.06585,0.06623,4154672,275934.46399
2025-04-29 15:00:00,1745928000000,0.06623,0.06654,0.06456,0.06506,9911685,647950.12323
2025-04-29 16:00:00,1745931600000,0.06506,0.06557,0.06441,0.06522,5021322,326680.05629
2025-04-29 17:00:00,1745935200000,0.06522,0.06632,0.06508,0.06552,3019774,198325.94648
2025-04-29 18:00:00,1745938800000,0.06552,0.06594,0.06463,0.06553,4061790,264724.57316
2025-04-29 19:00:00,1745942400000,0.06553,0.06554,0.0635,0.06385,3840875,247699.47833
2025-04-29 20:00:00,1745946000000,0.06385,0.06432,0.06343,0.06363,2797225,178536.84329
2025-04-29 21:00:00,1745949600000,0.06363,0.06532,0.06338,0.06457,3682272,236921.28078
2025-04-29 22:00:00,1745953200000,0.06457,0.06506,0.06432,0.06462,2799842,181133.00001
2025-04-29 23:00:00,1745956800000,0.06462,0.06481,0.06411,0.06468,2267079,146110.89636
2025-04-30 00:00:00,1745960400000,0.06468,0.06468,0.0616,0.06274,10835154,678984.28921
2025-04-30 01:00:00,1745964000000,0.06274,0.06274,0.06174,0.06199,2138829,133153.28811
2025-04-30 02:00:00,1745967600000,0.06199,0.06237,0.06143,0.06175,2876716,178025.83194
2025-04-30 03:00:00,1745971200000,0.06175,0.06254,0.06087,0.06239,3956817,243418.99295
2025-04-30 04:00:00,1745974800000,0.06239,0.06289,0.06151,0.06199,3240058,201312.92544
2025-04-30 05:00:00,1745978400000,0.06199,0.06283,0.06194,0.06254,2304628,143797.72731
2025-04-30 06:00:00,1745982000000,0.06254,0.06259,0.05856,0.06062,17162951,1033127.19546
2025-04-30 07:00:00,1745985600000,0.06062,0.06137,0.06015,0.06045,4067218,246889.98323
2025-04-30 08:00:00,1745989200000,0.06045,0.06084,0.06025,0.0606,2557347,154729.65132
2025-04-30 09:00:00,1745992800000,0.0606,0.06152,0.0602,0.0611,3417936,208119.69368
2025-04-30 10:00:00,1745996400000,0.0611,0.06118,0.05958,0.06014,4581608,276171.77342
2025-04-30 11:00:00,1746000000000,0.06014,0.06092,0.05989,0.06037,2869393,173251.20113
2025-04-30 12:00:00,1746003600000,0.06037,0.06226,0.06034,0.0617,3753776,230766.67539
2025-04-30 13:00:00,1746007200000,0.0617,0.06339,0.06131,0.06251,10065009,629470.09825
2025-04-30 14:00:00,1746010800000,0.06251,0.06303,0.06225,0.06277,2522598,157920.90703
2025-04-30 15:00:00,1746014400000,0.06277,0.06387,0.06129,0.06181,10818285,675883.30355
2025-04-30 16:00:00,1746018000000,0.06181,0.06186,0.05988,0.05998,6391068,390106.77964
2025-04-30 17:00:00,1746021600000,0.05998,0.06204,0.05998,0.06159,3860108,236648.65209
2025-04-30 18:00:00,1746025200000,0.06159,0.06334,0.06159,0.06276,3031423,190108.33676
2025-04-30 19:00:00,1746028800000,0.06276,0.06393,0.06259,0.06287,4255439,269028.21096
2025-04-30 20:00:00,1746032400000,0.06287,0.06332,0.06181,0.06266,8291453,517746.7899
2025-04-30 21:00:00,1746036000000,0.06266,0.06352,0.06266,0.06343,2302053,145462.27845
2025-04-30 22:00:00,1746039600000,0.06343,0.06363,0.06278,0.06348,1579782,99915.95148
2025-04-30 23:00:00,1746043200000,0.06348,0.06426,0.063,0.06313,1884318,119908.07992
2025-05-01 00:00:00,1746046800000,0.06313,0.06347,0.0623,0.06239,1763037,110886.70991
2025-05-01 01:00:00,1746050400000,0.06239,0.06333,0.06235,0.063,1180293,74158.33368
2025-05-01 02:00:00,1746054000000,0.063,0.06416,0.06276,0.06401,2277739,144754.15953
2025-05-01 03:00:00,1746057600000,0.06401,0.06472,0.06373,0.06395,3496603,224299.27361
2025-05-01 04:00:00,1746061200000,0.06395,0.06449,0.0635,0.06362,1940677,124011.53082
2025-05-01 05:00:00,1746064800000,0.06362,0.06411,0.06305,0.06358,2466560,156826.14805
2025-05-01 06:00:00,1746068400000,0.06358,0.06384,0.06145,0.0619,4652569,290781.5147
2025-05-01 07:00:00,1746072000000,0.0619,0.06255,0.06166,0.06237,2307423,143373.09427
2025-05-01 08:00:00,1746075600000,0.06237,0.06298,0.0618,0.06211,4030453,250815.48135
2025-05-01 09:00:00,1746079200000,0.06211,0.06223,0.06125,0.06177,2978595,183937.02853
2025-05-01 10:00:00,1746082800000,0.06177,0.06212,0.0616,0.06198,1952970,120734.73781
2025-05-01 11:00:00,1746086400000,0.06198,0.06249,0.06156,0.06213,2552946,158298.05652
2025-05-01 12:00:00,1746090000000,0.06213,0.06307,0.06205,0.06291,1244064,77976.87966
2025-05-01 13:00:00,1746093600000,0.06291,0.064,0.06231,0.06254,3760104,237784.4876
2025-05-01 14:00:00,1746097200000,0.06254,0.06326,0.06238,0.06294,2453058,154024.03928
2025-05-01 15:00:00,1746100800000,0.06294,0.0633,0.06256,0.0628,2015314,126844.66051
2025-05-01 16:00:00,1746104400000,0.0628,0.06292,0.0615,0.06167,4317172,268134.1764
2025-05-01 17:00:00,1746108000000,0.06167,0.06259,0.06154,0.06256,4366147,271062.76463
2025-05-01 18:00:00,1746111600000,0.06256,0.0631,0.06203,0.06206,2487633,155663.47998
